,0
0,v100_h166
1,v101_h167
2,v101_h168
3,v102_h163
4,v102_h164
5,v102_h167
6,v102_h168
7,v102_h169
8,v103_h122
9,v103_h150
10,v103_h164
11,v103_h168
12,v104_h149
13,v104_h162
14,v104_h168
15,v105_h149
16,v105_h188
17,v106_h185
18,v107_h151
19,v107_h160
20,v107_h161
21,v108_h152
22,v108_h160
23,v108_h170
24,v109_h152
25,v109_h153
26,v109_h159
27,v109_h169
28,v110_h154
29,v110_h155
30,v110_h157
31,v110_h158
32,v110_h170
33,v111_h154
34,v111_h156
35,v111_h169
36,v111_h170
37,v112_h170
38,v112_h193
39,v113_h166
40,v113_h170
41,v113_h171
42,v114_h164
43,v114_h165
44,v114_h166
45,v114_h170
46,v114_h193
47,v115_h125
48,v115_h163
49,v115_h166
50,v115_h170
51,v116_h163
52,v116_h166
53,v116_h168
54,v116_h170
55,v116_h191
56,v117_h125
57,v117_h167
58,v117_h168
59,v117_h171
60,v117_h185
61,v117_h186
62,v118_h124
63,v118_h125
64,v118_h159
65,v118_h160
66,v118_h161
67,v118_h166
68,v118_h167
69,v118_h171
70,v118_h172
71,v118_h186
72,v119_h159
73,v119_h162
74,v119_h164
75,v119_h165
76,v119_h166
77,v119_h172
78,v119_h192
79,v119_h210
80,v119_h211
81,v120_h160
82,v120_h161
83,v120_h172
84,v120_h192
85,v121_h158
86,v121_h161
87,v121_h169
88,v121_h170
89,v122_h123
90,v122_h158
91,v122_h159
92,v122_h160
93,v122_h161
94,v122_h164
95,v122_h165
96,v122_h169
97,v122_h170
98,v122_h173
99,v122_h174
100,v122_h185
101,v123_h159
102,v123_h160
103,v123_h161
104,v123_h165
105,v123_h166
106,v123_h167
107,v123_h174
108,v123_h185
109,v123_h200
110,v123_h201
111,v124_h122
112,v124_h158
113,v124_h165
114,v124_h167
115,v124_h173
116,v125_h158
117,v125_h165
118,v125_h167
119,v125_h172
120,v125_h173
121,v125_h185
122,v125_h186
123,v126_h158
124,v126_h165
125,v126_h171
126,v126_h172
127,v126_h173
128,v126_h180
129,v126_h183
130,v127_h119
131,v127_h120
132,v127_h121
133,v127_h122
134,v127_h123
135,v127_h158
136,v127_h165
137,v127_h166
138,v127_h168
139,v127_h171
140,v127_h172
141,v127_h173
142,v127_h179
143,v127_h180
144,v128_h121
145,v128_h124
146,v128_h158
147,v128_h165
148,v128_h166
149,v128_h168
150,v128_h169
151,v128_h170
152,v128_h171
153,v128_h173
154,v128_h178
155,v128_h179
156,v129_h158
157,v129_h164
158,v129_h165
159,v129_h166
160,v129_h170
161,v129_h173
162,v129_h174
163,v129_h178
164,v130_h158
165,v130_h163
166,v130_h164
167,v130_h167
168,v130_h168
169,v130_h170
170,v130_h173
171,v130_h174
172,v130_h178
173,v130_h201
174,v131_h158
175,v131_h163
176,v131_h164
177,v131_h166
178,v131_h167
179,v131_h168
180,v131_h172
181,v131_h173
182,v131_h174
183,v131_h179
184,v132_h158
185,v132_h159
186,v132_h163
187,v132_h166
188,v132_h167
189,v132_h168
190,v132_h171
191,v132_h172
192,v132_h176
193,v132_h177
194,v132_h179
195,v133_h163
196,v133_h164
197,v133_h167
198,v133_h168
199,v133_h172
200,v133_h174
201,v133_h175
202,v133_h176
203,v133_h178
204,v133_h180
205,v134_h164
206,v134_h168
207,v134_h169
208,v134_h170
209,v134_h171
210,v134_h172
211,v134_h180
212,v134_h181
213,v134_h200
214,v135_h107
215,v135_h127
216,v135_h160
217,v135_h162
218,v135_h163
219,v135_h165
220,v135_h166
221,v135_h167
222,v135_h170
223,v135_h180
224,v135_h181
225,v136_h127
226,v136_h162
227,v136_h163
228,v136_h164
229,v136_h165
230,v136_h167
231,v136_h168
232,v136_h169
233,v136_h170
234,v136_h171
235,v136_h172
236,v136_h173
237,v136_h180
238,v136_h181
239,v137_h127
240,v137_h162
241,v137_h163
242,v137_h164
243,v137_h166
244,v137_h167
245,v137_h168
246,v137_h169
247,v137_h170
248,v137_h171
249,v137_h172
250,v137_h189
251,v137_h192
252,v138_h127
253,v138_h160
254,v138_h164
255,v138_h166
256,v138_h167
257,v138_h168
258,v138_h170
259,v138_h171
260,v138_h175
261,v138_h176
262,v138_h193
263,v139_h127
264,v139_h128
265,v139_h159
266,v139_h160
267,v139_h164
268,v139_h169
269,v139_h170
270,v139_h171
271,v139_h174
272,v139_h175
273,v139_h176
274,v139_h187
275,v139_h192
276,v139_h193
277,v139_h196
278,v139_h197
279,v140_h160
280,v140_h161
281,v140_h164
282,v140_h165
283,v140_h166
284,v140_h169
285,v140_h172
286,v140_h176
287,v140_h185
288,v140_h192
289,v140_h193
290,v141_h165
291,v141_h167
292,v141_h168
293,v141_h169
294,v141_h172
295,v141_h174
296,v141_h176
297,v141_h177
298,v141_h193
299,v142_h157
300,v142_h171
301,v142_h174
302,v142_h176
303,v142_h183
304,v143_h157
305,v143_h160
306,v143_h161
307,v143_h167
308,v143_h168
309,v143_h169
310,v143_h171
311,v143_h176
312,v143_h177
313,v143_h183
314,v144_h160
315,v144_h167
316,v144_h168
317,v144_h169
318,v144_h177
319,v144_h178
320,v144_h179
321,v145_h160
322,v145_h161
323,v145_h162
324,v145_h169
325,v145_h178
326,v146_h130
327,v146_h155
328,v146_h156
329,v146_h157
330,v146_h158
331,v146_h159
332,v146_h162
333,v146_h178
334,v146_h179
335,v147_h131
336,v147_h153
337,v147_h154
338,v147_h155
339,v147_h156
340,v147_h158
341,v147_h159
342,v147_h163
343,v147_h179
344,v148_h131
345,v148_h151
346,v148_h154
347,v148_h158
348,v148_h159
349,v148_h160
350,v148_h163
351,v148_h164
352,v149_h154
353,v149_h155
354,v149_h159
355,v150_h147
356,v150_h154
357,v150_h155
358,v151_h149
359,v152_h147
360,v152_h148
361,v152_h149
362,v153_h147
363,v156_h137
364,v156_h146
365,v157_h146
366,v159_h145
367,v161_h136
368,v161_h145
369,v165_h133
370,v165_h134
371,v165_h143
372,v165_h144
373,v166_h142
374,v166_h145
375,v168_h139
376,v169_h139
377,v170_h127
378,v171_h131
379,v171_h136
380,v172_h128
381,v46_h175
382,v47_h212
383,v49_h205
384,v51_h202
385,v67_h161
386,v95_h167
387,v95_h231
388,v96_h207
389,v97_h166
390,v98_h166
391,v99_h165
392,v99_h166
